topic,count,score
anxiety,6,0.12244897959183673
suicide,2,0.04081632653061224
lockdown,1,0.02040816326530612
fatigue,1,0.02040816326530612
love,5,0.10204081632653061
sad,3,0.061224489795918366
pain,23,0.46938775510204084
depression,1,0.02040816326530612
stress,3,0.061224489795918366
help,4,0.08163265306122448
