topic,count,score
anxiety,7,0.13725490196078433
suicide,3,0.058823529411764705
lockdown,2,0.0392156862745098
fatigue,1,0.0196078431372549
love,10,0.19607843137254902
sad,4,0.0784313725490196
pain,19,0.37254901960784315
depression,3,0.058823529411764705
stress,1,0.0196078431372549
help,1,0.0196078431372549
