topic,count,score
anxiety,5,0.11363636363636363
suicide,2,0.045454545454545456
lockdown,1,0.022727272727272728
fatigue,2,0.045454545454545456
love,4,0.09090909090909091
sad,4,0.09090909090909091
pain,15,0.3409090909090909
depression,3,0.06818181818181818
stress,4,0.09090909090909091
help,4,0.09090909090909091
