topic,count,score
anxiety,18,0.20224719101123595
suicide,3,0.033707865168539325
lockdown,1,0.011235955056179775
please,5,0.056179775280898875
chronic,2,0.02247191011235955
fatigue,1,0.011235955056179775
love,8,0.0898876404494382
sad,5,0.056179775280898875
pain,38,0.42696629213483145
depression,5,0.056179775280898875
stressed,2,0.02247191011235955
overwhelmed,1,0.011235955056179775
