topic,count,score
anxiety,11,0.12790697674418605
suicide,3,0.03488372093023256
lockdown,2,0.023255813953488372
please,4,0.046511627906976744
chronic,3,0.03488372093023256
fatigue,3,0.03488372093023256
love,8,0.09302325581395349
sad,10,0.11627906976744186
pain,30,0.3488372093023256
depression,8,0.09302325581395349
stressed,4,0.046511627906976744
overwhelmed,0,0.0
