topic,count,score
anxiety,14,0.14285714285714285
suicide,5,0.05102040816326531
lockdown,4,0.04081632653061224
please,4,0.04081632653061224
chronic,1,0.01020408163265306
fatigue,2,0.02040816326530612
love,13,0.1326530612244898
sad,7,0.07142857142857142
pain,34,0.3469387755102041
depression,10,0.10204081632653061
stressed,4,0.04081632653061224
overwhelmed,0,0.0
