topic,count,score
anxiety,13,0.14606741573033707
suicide,4,0.0449438202247191
lockdown,3,0.033707865168539325
please,4,0.0449438202247191
chronic,1,0.011235955056179775
fatigue,3,0.033707865168539325
love,15,0.16853932584269662
sad,10,0.11235955056179775
pain,29,0.3258426966292135
depression,5,0.056179775280898875
stressed,1,0.011235955056179775
overwhelmed,1,0.011235955056179775
