topic,count,score
anxiety,13,0.1326530612244898
suicide,7,0.07142857142857142
lockdown,2,0.02040816326530612
please,7,0.07142857142857142
chronic,0,0.0
fatigue,2,0.02040816326530612
love,14,0.14285714285714285
sad,12,0.12244897959183673
pain,28,0.2857142857142857
depression,10,0.10204081632653061
stressed,3,0.030612244897959183
overwhelmed,0,0.0
